platform,n,feature,median,q1,q3
claude_skill,152806,struct_heading_count,12.0,7.0,23.0
claude_skill,152806,struct_max_heading_depth,3.0,2.0,3.0
claude_skill,152806,struct_code_char_ratio,0.2017534365191038,0.0,0.4022794712705692
claude_skill,152806,struct_list_item_ratio,0.32558139534883723,0.14534883720930233,0.5079365079365079
claude_skill,152806,struct_table_count,0.0,0.0,0.0
claude_skill,152806,struct_prose_ratio,0.5270684371807968,0.3132400430570506,0.7287349211258892
claude_skill,152806,struct_frontmatter_field_count,0.0,0.0,0.0
claude_skill,152806,struct_line_count,108.0,53.0,222.0
claude_skill,152806,struct_inline_code_char_ratio,0.02554967282739292,0.0,0.07321570702707189
claude_skill,152806,struct_ordered_list_ratio,0.05084745762711865,0.0,0.1282051282051282
claude_skill,152806,struct_bullet_list_ratio,0.22151898734177214,0.10320284697508897,0.4
claude_skill,152806,struct_external_ref_count,0.0,0.0,0.0
claude_skill,152806,struct_named_section_present,0.0,0.0,1.0
claude_skill,152806,struct_name_format_valid,0.0,0.0,0.0
claude_skill,152806,struct_long_paragraph_ratio,0.015384615384615385,0.0,0.07142857142857142
claude_skill,152806,fm_desc_present,0.0,0.0,0.0
claude_skill,152806,fm_desc_tokens,0.0,0.0,0.0
claude_skill,152806,fm_desc_when_clause,0.0,0.0,0.0
claude_skill,152806,fm_desc_or_count,0.0,0.0,0.0
claude_skill,152806,fm_desc_wildcard_per_token,0.0,0.0,0.0
claude_skill,152806,desc_tokens,249.0,121.0,478.0
claude_skill,152806,desc_unique_tokens,142.0,77.0,231.0
claude_skill,152806,desc_proportion_unique_tokens,0.562696048064348,0.47278911564625853,0.6443298969072165
claude_skill,152806,desc_characters,1436.0,730.0,2585.0
claude_skill,152806,desc_sentences,11.0,4.0,21.0
claude_skill,152806,desc_token_length_mean,5.225780161421774,4.846333942179365,5.830139894715412
claude_skill,152806,desc_token_length_median,5.0,4.0,5.0
claude_skill,152806,desc_token_length_std,3.093946843291234,2.8287283325758112,3.470423171079913
claude_skill,152806,desc_sentence_length_mean,22.5,15.142857142857142,34.0
claude_skill,152806,desc_sentence_length_median,15.5,12.0,22.5
claude_skill,152806,desc_sentence_length_std,16.26530048907797,7.586537784494029,26.835807059602963
claude_skill,152806,desc_syllables_per_token_mean,1.5622332772823573,1.449438202247191,1.7325628510044853
claude_skill,152806,desc_syllables_per_token_median,1.0,1.0,1.0
claude_skill,152806,desc_syllables_per_token_std,0.8797725183847859,0.7654885274622014,1.0177958472903756
claude_skill,152806,read_flesch_reading_ease,48.12226420068029,28.04923696748881,62.62408602150538
claude_skill,152806,read_flesch_kincaid_grade,12.016826996197718,8.89957064130856,17.559811320754722
claude_skill,152806,read_smog,12.815532586354998,10.793553405168563,15.903189008614273
claude_skill,152806,read_gunning_fog,14.8,11.604597260477929,20.92934680839346
claude_skill,152806,read_automated_readability_index,14.722912418810822,10.826097673160174,22.441554605410236
claude_skill,152806,read_coleman_liau_index,13.585468854976483,11.11586951640427,17.207124573777385
claude_skill,152806,read_lix,57.81646710941605,46.45779665285046,73.04409716995333
claude_skill,152806,read_rix,6.953626720183486,4.78125,12.6
claude_skill,152806,syn_mean_dependency_distance,2.8535825726546182,2.5423609224696624,3.2188570308108977
claude_skill,152806,syn_dependency_distance_std,0.9031429036397316,0.6489911444522894,1.1952898147147974
claude_skill,152806,syn_prop_adjacent_dependency_relation_mean,0.46786566258109163,0.44461987002583925,0.49085546039887384
claude_skill,152806,syn_prop_adjacent_dependency_relation_std,0.06836179818714153,0.04487179487179488,0.08479445358916092
claude_skill,152806,coh_first_order_coherence,0.5180782452225685,0.4313291013240814,0.6230638146400451
claude_skill,152806,coh_second_order_coherence,0.478062075873216,0.40237396312030876,0.589455450574557
claude_skill,152806,syn_mean_tree_depth,5.0588235294117645,4.4324324324324325,6.25
claude_skill,152806,syn_clausal_per_sentence,1.0,0.44,1.625
claude_skill,152806,read_long_sentence_ratio,0.29411764705882354,0.14285714285714285,0.5
claude_skill,152806,dict_imperative_ratio,0.2,0.0,0.3508771929824561
claude_skill,152806,dict_first_person_subject_ratio,0.0,0.0,0.0
claude_skill,152806,dict_contrastive_example_count,0.0,0.0,0.0
claude_skill,152806,dict_allcaps_directive_per_1k,0.0,0.0,0.0
claude_skill,152806,posdep_pos_ADJ,0.06569343065693431,0.04895104895104895,0.08737864077669903
claude_skill,152806,posdep_pos_ADP,0.064,0.04777070063694268,0.07868750085311421
claude_skill,152806,posdep_pos_ADV,0.014218009478672985,0.005628517823639775,0.024390243902439025
claude_skill,152806,posdep_pos_AUX,0.01195219123505976,0.0025252525252525255,0.02508361204013378
claude_skill,152806,posdep_pos_CCONJ,0.023923444976076555,0.0136986301369863,0.035995060476595356
claude_skill,152806,posdep_pos_DET,0.02903225806451613,0.01020408163265306,0.054380664652567974
claude_skill,152806,posdep_pos_INTJ,0.0,0.0,0.0
claude_skill,152806,posdep_pos_NOUN,0.28832116788321166,0.24511282376704335,0.3388288208836758
claude_skill,152806,posdep_pos_NUM,0.009375,0.0,0.020706222024614605
claude_skill,152806,posdep_pos_PART,0.00911046452648179,0.0,0.018140589569160998
claude_skill,152806,posdep_pos_PRON,0.008771929824561403,0.0,0.020833333333333332
claude_skill,152806,posdep_pos_PROPN,0.08249113973179176,0.05432595573440644,0.13425925925925927
claude_skill,152806,posdep_pos_PUNCT,0.18324607329842932,0.14108140585842815,0.21646341463414634
claude_skill,152806,posdep_pos_SCONJ,0.006993006993006993,0.0,0.014705882352941176
claude_skill,152806,posdep_pos_SYM,0.00562429696287964,0.0,0.014449396369653497
claude_skill,152806,posdep_pos_VERB,0.1036651154803424,0.07894736842105263,0.12837837837837837
claude_skill,152806,posdep_pos_X,0.0,0.0,0.0106951871657754
claude_skill,152806,posdep_dep_ROOT,0.04065040650406504,0.0278402895839685,0.05781992121684232
claude_skill,152806,posdep_dep_acl,0.00684931506849315,0.001890359168241966,0.012112036336109008
claude_skill,152806,posdep_dep_acomp,0.0012836970474967907,0.0,0.004602871573635834
claude_skill,152806,posdep_dep_advcl,0.009523809523809525,0.001375989480903824,0.017241379310344827
claude_skill,152806,posdep_dep_advmod,0.017361111111111112,0.008,0.029714285714285714
claude_skill,152806,posdep_dep_agent,0.0,0.0,0.0
claude_skill,152806,posdep_dep_amod,0.06842105263157895,0.050682261208576995,0.09117223617708584
claude_skill,152806,posdep_dep_appos,0.03058103975535168,0.014705882352941176,0.05263157894736842
claude_skill,152806,posdep_dep_attr,0.0,0.0,0.004428044280442804
claude_skill,152806,posdep_dep_aux,0.010101010101010102,0.0,0.02
claude_skill,152806,posdep_dep_auxpass,0.0,0.0,0.004464285714285714
claude_skill,152806,posdep_dep_case,0.0,0.0,0.001443001443001443
claude_skill,152806,posdep_dep_cc,0.024,0.013888888888888888,0.036231884057971016
claude_skill,152806,posdep_dep_ccomp,0.008130081300813009,0.0,0.01591187270501836
claude_skill,152806,posdep_dep_compound,0.13230599609871938,0.09090909090909091,0.18309859154929578
claude_skill,152806,posdep_dep_conj,0.04387590002891073,0.027777777777777776,0.0625
claude_skill,152806,posdep_dep_csubj,0.0,0.0,0.0
claude_skill,152806,posdep_dep_csubjpass,0.0,0.0,0.0
claude_skill,152806,posdep_dep_dative,0.0,0.0,0.0
claude_skill,152806,posdep_dep_dep,0.006535947712418301,0.0,0.012195121951219513
claude_skill,152806,posdep_dep_det,0.029197080291970802,0.010638297872340425,0.054567821328841304
claude_skill,152806,posdep_dep_dobj,0.059154929577464786,0.046511627906976744,0.07547169811320754
claude_skill,152806,posdep_dep_expl,0.0,0.0,0.0
claude_skill,152806,posdep_dep_intj,0.0,0.0,0.0
claude_skill,152806,posdep_dep_mark,0.0033112582781456954,0.0,0.008321775312066574
claude_skill,152806,posdep_dep_meta,0.0,0.0,0.0
claude_skill,152806,posdep_dep_neg,0.0019940179461615153,0.0,0.00819672131147541
claude_skill,152806,posdep_dep_nmod,0.02040816326530612,0.008992805755395683,0.038461538461538464
claude_skill,152806,posdep_dep_npadvmod,0.005934718100890208,0.0,0.010526315789473684
claude_skill,152806,posdep_dep_nsubj,0.03773584905660377,0.023809523809523808,0.049484536082474224
claude_skill,152806,posdep_dep_nsubjpass,0.0,0.0,0.003875968992248062
claude_skill,152806,posdep_dep_nummod,0.006493506493506494,0.0,0.0149812734082397
claude_skill,152806,posdep_dep_oprd,0.0,0.0,0.0
claude_skill,152806,posdep_dep_parataxis,0.0,0.0,0.0015735641227380016
claude_skill,152806,posdep_dep_pcomp,0.0023923444976076554,0.0,0.005219985085756898
claude_skill,152806,posdep_dep_pobj,0.056338028169014086,0.04145077720207254,0.0689149560117302
claude_skill,152806,posdep_dep_poss,0.0,0.0,0.00558659217877095
claude_skill,152806,posdep_dep_preconj,0.0,0.0,0.0
claude_skill,152806,posdep_dep_predet,0.0,0.0,0.0
claude_skill,152806,posdep_dep_prep,0.06077927197957779,0.047619047619047616,0.07627118644067797
claude_skill,152806,posdep_dep_prt,0.0,0.0,0.002421307506053269
claude_skill,152806,posdep_dep_punct,0.19144602851323828,0.15198332990953564,0.23759358798262817
claude_skill,152806,posdep_dep_quantmod,0.0,0.0,0.0
claude_skill,152806,posdep_dep_relcl,0.0022371364653243847,0.0,0.006627922563473952
claude_skill,152806,posdep_dep_xcomp,0.003289473684210526,0.0,0.007704160246533128
claude_skill,152806,lex_mtld,88.21153846153847,58.33333333333334,118.09469219566671
claude_skill,152806,lex_hdd,0.8574052856859247,0.7963822562610076,0.8927949960434682
claude_skill,152806,lex_zipf_mean,4.424153509654063,4.2075,4.570071349159811
claude_skill,152806,dict_hedge_per_1k,0.0,0.0,4.987531172069826
claude_skill,152806,dict_booster_per_1k,4.016064257028112,0.0,9.615384615384617
claude_skill,152806,dict_hype_per_1k,0.0,0.0,0.0
claude_skill,152806,dict_negation_per_1k,4.819277108433735,0.0,12.422360248447204
claude_skill,152806,dict_conditional_per_1k,1.893939393939394,0.0,6.83371298405467
claude_skill,152806,dict_conditional_clauses_per_sentence,0.0,0.0,0.10526315789473684
claude_skill,152806,dict_second_person_per_1k,0.0,0.0,4.784688995215311
claude_skill,152806,dict_cross_reference_per_1k,0.0,0.0,0.0
claude_skill,152806,dict_plain_replacement_per_1k,14.388489208633095,5.9880239520958085,25.224089158515387
claude_skill,152806,coh_lemma_overlap_adj,0.05122549019607843,0.033995671670908396,0.07531055900621118
hermes_skill,10283,struct_heading_count,14.0,7.0,24.0
hermes_skill,10283,struct_max_heading_depth,3.0,2.0,3.0
hermes_skill,10283,struct_code_char_ratio,0.19330153051083285,0.0,0.40567338376272133
hermes_skill,10283,struct_list_item_ratio,0.3058823529411765,0.1695283714075166,0.5038518518518518
hermes_skill,10283,struct_table_count,0.0,0.0,0.0
hermes_skill,10283,struct_prose_ratio,0.5093704949543488,0.3361941706168911,0.7009743420134613
hermes_skill,10283,struct_frontmatter_field_count,0.0,0.0,0.0
hermes_skill,10283,struct_line_count,96.0,51.0,196.0
hermes_skill,10283,struct_inline_code_char_ratio,0.034606112450423825,0.0,0.09187683530101591
hermes_skill,10283,struct_ordered_list_ratio,0.05150976909413854,0.0,0.125
hermes_skill,10283,struct_bullet_list_ratio,0.21875,0.11688311688311688,0.3592991504854369
hermes_skill,10283,struct_external_ref_count,0.0,0.0,0.0
hermes_skill,10283,struct_named_section_present,1.0,0.0,1.0
hermes_skill,10283,struct_name_format_valid,0.0,0.0,0.0
hermes_skill,10283,struct_long_paragraph_ratio,0.0196078431372549,0.0,0.07692307692307693
hermes_skill,10283,fm_desc_present,0.0,0.0,0.0
hermes_skill,10283,fm_desc_tokens,0.0,0.0,0.0
hermes_skill,10283,fm_desc_when_clause,0.0,0.0,0.0
hermes_skill,10283,fm_desc_or_count,0.0,0.0,0.0
hermes_skill,10283,fm_desc_wildcard_per_token,0.0,0.0,0.0
hermes_skill,10283,desc_tokens,254.0,141.0,463.0
hermes_skill,10283,desc_unique_tokens,145.0,91.0,226.0
hermes_skill,10283,desc_proportion_unique_tokens,0.560126582278481,0.48157894736842105,0.6473988439306358
hermes_skill,10283,desc_characters,1401.0,750.0,2539.0
hermes_skill,10283,desc_sentences,9.0,4.0,19.0
hermes_skill,10283,desc_token_length_mean,5.079470198675497,4.661616161616162,5.696629213483146
hermes_skill,10283,desc_token_length_median,4.0,4.0,5.0
hermes_skill,10283,desc_token_length_std,3.0395283323687434,2.7126310746098103,3.6903959347314252
hermes_skill,10283,desc_sentence_length_mean,24.5,15.9,41.083333333333336
hermes_skill,10283,desc_sentence_length_median,16.0,12.0,28.0
hermes_skill,10283,desc_sentence_length_std,17.396838793298052,8.013568739994515,32.37111195014606
hermes_skill,10283,desc_syllables_per_token_mean,1.4803695150115475,1.3673469387755102,1.6325301204819278
hermes_skill,10283,desc_syllables_per_token_median,1.0,1.0,1.0
hermes_skill,10283,desc_syllables_per_token_std,0.8115084760575193,0.6856906768821698,0.963432421020976
hermes_skill,10283,read_flesch_reading_ease,55.59832872874432,27.236251993620428,68.90496240601507
hermes_skill,10283,read_flesch_kincaid_grade,11.804761904761907,7.746333333333332,19.473994787954386
hermes_skill,10283,read_smog,11.765960540728905,9.851270322608155,15.903189008614273
hermes_skill,10283,read_gunning_fog,14.533333333333331,10.509889336237434,22.942154368108568
hermes_skill,10283,read_automated_readability_index,15.082877280265343,9.320199004975123,25.742778450363197
hermes_skill,10283,read_coleman_liau_index,12.436071428571427,10.006901408450702,16.697254901960786
hermes_skill,10283,read_lix,54.14165137614678,42.532386521860204,78.54437086092716
hermes_skill,10283,read_rix,7.0,4.076923076923077,14.5
hermes_skill,10283,syn_mean_dependency_distance,2.944095811849148,2.5850371084551247,3.5560013100173538
hermes_skill,10283,syn_dependency_distance_std,0.9712561916067378,0.6869893455729443,1.2957241217506053
hermes_skill,10283,syn_prop_adjacent_dependency_relation_mean,0.4603946097264616,0.43949162157309857,0.48300642252227605
hermes_skill,10283,syn_prop_adjacent_dependency_relation_std,0.0698607193507561,0.04587275591973407,0.08704802288276445
hermes_skill,10283,coh_first_order_coherence,0.4836640000343323,0.41142787635326383,0.5972839494546255
hermes_skill,10283,coh_second_order_coherence,0.4613591522174446,0.3932720701704966,0.5546623049303889
hermes_skill,10283,syn_mean_tree_depth,5.166666666666667,4.294736842105263,6.5
hermes_skill,10283,syn_clausal_per_sentence,1.0,0.6,1.6666666666666667
hermes_skill,10283,read_long_sentence_ratio,0.3333333333333333,0.16666666666666666,0.5555555555555556
hermes_skill,10283,dict_imperative_ratio,0.15,0.0,0.32142857142857145
hermes_skill,10283,dict_first_person_subject_ratio,0.0,0.0,0.0
hermes_skill,10283,dict_contrastive_example_count,0.0,0.0,0.0
hermes_skill,10283,dict_allcaps_directive_per_1k,0.0,0.0,0.0
hermes_skill,10283,posdep_pos_ADJ,0.06956521739130435,0.04918032786885246,0.08928571428571429
hermes_skill,10283,posdep_pos_ADP,0.0625,0.045454545454545456,0.0758551861793654
hermes_skill,10283,posdep_pos_ADV,0.01592356687898089,0.005717554756456358,0.027307339317979754
hermes_skill,10283,posdep_pos_AUX,0.013779527559055118,0.00323102620315273,0.027777777777777776
hermes_skill,10283,posdep_pos_CCONJ,0.01996007984031936,0.01072598068185121,0.029197080291970802
hermes_skill,10283,posdep_pos_DET,0.03508771929824561,0.011734899864482954,0.06451612903225806
hermes_skill,10283,posdep_pos_INTJ,0.0,0.0,0.0
hermes_skill,10283,posdep_pos_NOUN,0.26903553299492383,0.23252906976744186,0.31073364144168103
hermes_skill,10283,posdep_pos_NUM,0.012422360248447204,0.0036496350364963502,0.02572046963946869
hermes_skill,10283,posdep_pos_PART,0.009411764705882352,0.0,0.017926055300828053
hermes_skill,10283,posdep_pos_PRON,0.011278195488721804,0.0028011204481792717,0.02359882005899705
hermes_skill,10283,posdep_pos_PROPN,0.09090909090909091,0.04990850246262882,0.1629674459191285
hermes_skill,10283,posdep_pos_PUNCT,0.18584070796460178,0.15478865275199288,0.21967507444386059
hermes_skill,10283,posdep_pos_SCONJ,0.00841908325537886,0.0,0.016129032258064516
hermes_skill,10283,posdep_pos_SYM,0.00816326530612245,0.00273224043715847,0.018072289156626505
hermes_skill,10283,posdep_pos_VERB,0.10227272727272728,0.06976744186046512,0.1260195867097787
hermes_skill,10283,posdep_pos_X,0.0005405405405405405,0.0,0.00946372239747634
hermes_skill,10283,posdep_dep_ROOT,0.036585365853658534,0.02247191011235955,0.055299539170506916
hermes_skill,10283,posdep_dep_acl,0.00641025641025641,0.0,0.011560693641618497
hermes_skill,10283,posdep_dep_acomp,0.0003772161448509996,0.0,0.005382137560252132
hermes_skill,10283,posdep_dep_advcl,0.010582010582010581,0.0037244077012705988,0.01808648084006817
hermes_skill,10283,posdep_dep_advmod,0.020602218700475437,0.010526315789473684,0.03278688524590164
hermes_skill,10283,posdep_dep_agent,0.0,0.0,0.0
hermes_skill,10283,posdep_dep_amod,0.07027027027027027,0.04938271604938271,0.09202453987730061
hermes_skill,10283,posdep_dep_appos,0.03383458646616541,0.01812688821752266,0.06153846153846154
hermes_skill,10283,posdep_dep_attr,0.0,0.0,0.004672897196261682
hermes_skill,10283,posdep_dep_aux,0.010869565217391304,0.002336448598130841,0.02027027027027027
hermes_skill,10283,posdep_dep_auxpass,0.0,0.0,0.005420054200542005
hermes_skill,10283,posdep_dep_case,0.0,0.0,0.002206288591796452
hermes_skill,10283,posdep_dep_cc,0.02008181480104128,0.010810810810810811,0.029197080291970802
hermes_skill,10283,posdep_dep_ccomp,0.009478672985781991,0.0019342432133129808,0.016355140186915886
hermes_skill,10283,posdep_dep_compound,0.1178082191780822,0.07974799026866936,0.17345556108622312
hermes_skill,10283,posdep_dep_conj,0.03686635944700461,0.022465901580243947,0.053763440860215055
hermes_skill,10283,posdep_dep_csubj,0.0,0.0,0.0
hermes_skill,10283,posdep_dep_csubjpass,0.0,0.0,0.0
hermes_skill,10283,posdep_dep_dative,0.0,0.0,0.0
hermes_skill,10283,posdep_dep_dep,0.0053475935828877,0.0,0.010598366601923571
hermes_skill,10283,posdep_dep_det,0.03546099290780142,0.01225741830474521,0.06462905254349027
hermes_skill,10283,posdep_dep_dobj,0.05547169811320755,0.03972938041153393,0.06930693069306931
hermes_skill,10283,posdep_dep_expl,0.0,0.0,0.0
hermes_skill,10283,posdep_dep_intj,0.0,0.0,0.0
hermes_skill,10283,posdep_dep_mark,0.0031545741324921135,0.0,0.009287925696594427
hermes_skill,10283,posdep_dep_meta,0.0,0.0,0.0
hermes_skill,10283,posdep_dep_neg,0.002976190476190476,0.0,0.008955223880597015
hermes_skill,10283,posdep_dep_nmod,0.018481317798312576,0.009174311926605505,0.034877181050043164
hermes_skill,10283,posdep_dep_npadvmod,0.007575757575757576,0.003436426116838488,0.014492753623188406
hermes_skill,10283,posdep_dep_nsubj,0.0392156862745098,0.026294183735200066,0.05279268898194729
hermes_skill,10283,posdep_dep_nsubjpass,0.0,0.0,0.004728132387706856
hermes_skill,10283,posdep_dep_nummod,0.008379888268156424,0.0016722408026755853,0.017391304347826087
hermes_skill,10283,posdep_dep_oprd,0.0,0.0,0.0
hermes_skill,10283,posdep_dep_parataxis,0.0,0.0,0.0018083182640144665
hermes_skill,10283,posdep_dep_pcomp,0.0023014959723820483,0.0,0.005673760133630688
hermes_skill,10283,posdep_dep_pobj,0.05405405405405406,0.0394241683504538,0.0665163042372709
hermes_skill,10283,posdep_dep_poss,0.0016750418760469012,0.0,0.005714285714285714
hermes_skill,10283,posdep_dep_preconj,0.0,0.0,0.0
hermes_skill,10283,posdep_dep_predet,0.0,0.0,0.0
hermes_skill,10283,posdep_dep_prep,0.0614406779661017,0.04672897196261682,0.07462686567164178
hermes_skill,10283,posdep_dep_prt,0.0,0.0,0.0018165319254248473
hermes_skill,10283,posdep_dep_punct,0.20356612184249628,0.16783216783216784,0.2422907488986784
hermes_skill,10283,posdep_dep_quantmod,0.0,0.0,0.0
hermes_skill,10283,posdep_dep_relcl,0.002421307506053269,0.0,0.00625
hermes_skill,10283,posdep_dep_xcomp,0.003838771593090211,0.0,0.007633587786259542
hermes_skill,10283,lex_mtld,92.08406919139006,59.87972158424185,136.0
hermes_skill,10283,lex_hdd,0.8590837688939547,0.7975456508463552,0.8972802377132911
hermes_skill,10283,lex_zipf_mean,4.354149377593359,4.044705882352941,4.541151919866442
hermes_skill,10283,dict_hedge_per_1k,0.0,0.0,5.845178695431281
hermes_skill,10283,dict_booster_per_1k,3.401360544217687,0.0,8.064516129032258
hermes_skill,10283,dict_hype_per_1k,0.0,0.0,0.0
hermes_skill,10283,dict_negation_per_1k,5.961251862891207,0.0,13.82488479262673
hermes_skill,10283,dict_conditional_per_1k,0.0,0.0,6.960556844547564
hermes_skill,10283,dict_conditional_clauses_per_sentence,0.0,0.0,0.10416666666666667
hermes_skill,10283,dict_second_person_per_1k,0.0,0.0,4.387890270012168
hermes_skill,10283,dict_cross_reference_per_1k,0.0,0.0,0.0
hermes_skill,10283,dict_plain_replacement_per_1k,9.852216748768473,2.2857411548348,17.341040462427745
hermes_skill,10283,coh_lemma_overlap_adj,0.047624600981870935,0.029749238737143913,0.07322002742744696
openclaw_skill,26120,struct_heading_count,11.0,7.0,20.0
openclaw_skill,26120,struct_max_heading_depth,3.0,2.0,3.0
openclaw_skill,26120,struct_code_char_ratio,0.13962634591111223,0.0,0.38231239642924125
openclaw_skill,26120,struct_list_item_ratio,0.25,0.14285714285714285,0.45
openclaw_skill,26120,struct_table_count,0.0,0.0,0.0
openclaw_skill,26120,struct_prose_ratio,0.5465820894777496,0.31693239075181884,0.6939852890343515
openclaw_skill,26120,struct_frontmatter_field_count,0.0,0.0,0.0
openclaw_skill,26120,struct_line_count,100.0,48.0,197.0
openclaw_skill,26120,struct_inline_code_char_ratio,0.05115498133945279,0.01029371271829483,0.11058928521157094
openclaw_skill,26120,struct_ordered_list_ratio,0.03305785123966942,0.0,0.10483870967741936
openclaw_skill,26120,struct_bullet_list_ratio,0.1875,0.1,0.3333333333333333
openclaw_skill,26120,struct_external_ref_count,0.0,0.0,1.0
openclaw_skill,26120,struct_named_section_present,0.0,0.0,1.0
openclaw_skill,26120,struct_name_format_valid,0.0,0.0,0.0
openclaw_skill,26120,struct_long_paragraph_ratio,0.01818181818181818,0.0,0.0625
openclaw_skill,26120,fm_desc_present,0.0,0.0,0.0
openclaw_skill,26120,fm_desc_tokens,0.0,0.0,0.0
openclaw_skill,26120,fm_desc_when_clause,0.0,0.0,0.0
openclaw_skill,26120,fm_desc_or_count,0.0,0.0,0.0
openclaw_skill,26120,fm_desc_wildcard_per_token,0.0,0.0,0.0
openclaw_skill,26120,desc_tokens,230.0,104.0,477.0
openclaw_skill,26120,desc_unique_tokens,131.0,66.0,229.0
openclaw_skill,26120,desc_proportion_unique_tokens,0.5619047619047619,0.46989940952798803,0.6490475326560232
openclaw_skill,26120,desc_characters,1230.0,563.0,2526.25
openclaw_skill,26120,desc_sentences,10.0,4.0,24.0
openclaw_skill,26120,desc_token_length_mean,5.052631578947368,4.690241439015006,5.530864197530864
openclaw_skill,26120,desc_token_length_median,4.0,4.0,5.0
openclaw_skill,26120,desc_token_length_std,3.0117905054025784,2.733824051370823,3.5781697195798143
openclaw_skill,26120,desc_sentence_length_mean,19.25,14.333333333333334,30.666666666666668
openclaw_skill,26120,desc_sentence_length_median,14.0,11.0,19.5
openclaw_skill,26120,desc_sentence_length_std,13.918950660512907,7.016186455242842,25.012605577617677
openclaw_skill,26120,desc_syllables_per_token_mean,1.5035211267605635,1.4015223941132162,1.627303734971545
openclaw_skill,26120,desc_syllables_per_token_median,1.0,1.0,1.0
openclaw_skill,26120,desc_syllables_per_token_std,0.8337904543797573,0.7185659859157243,0.9651781096402198
openclaw_skill,26120,read_flesch_reading_ease,56.929485887096774,40.991983149158784,68.28142332478934
openclaw_skill,26120,read_flesch_kincaid_grade,10.006666666666671,7.690511033681764,14.832788088583769
openclaw_skill,26120,read_smog,11.355314616198918,9.642632912329528,13.884599142746282
openclaw_skill,26120,read_gunning_fog,12.731440802072774,9.91955803364407,17.82968726743513
openclaw_skill,26120,read_automated_readability_index,12.730819112627984,9.198189496118403,19.217148379847043
openclaw_skill,26120,read_coleman_liau_index,12.383673469387755,10.081413705906964,15.257546693589095
openclaw_skill,26120,read_lix,50.34946236559139,41.606206314689466,64.56393442622951
openclaw_skill,26120,read_rix,5.52760736196319,3.8,9.8
openclaw_skill,26120,syn_mean_dependency_distance,2.766167540601313,2.477122919861291,3.1820644443917634
openclaw_skill,26120,syn_dependency_distance_std,0.9204128490296248,0.6420426329698244,1.2258400324002552
openclaw_skill,26120,syn_prop_adjacent_dependency_relation_mean,0.46211893156321626,0.44009598135528655,0.48809523809523814
openclaw_skill,26120,syn_prop_adjacent_dependency_relation_std,0.07126217244707092,0.05021458883989419,0.08940192720961299
openclaw_skill,26120,coh_first_order_coherence,0.47989731416350506,0.40601917462689535,0.581985520134712
openclaw_skill,26120,coh_second_order_coherence,0.4445126061186646,0.3761733128223568,0.5463674929189055
openclaw_skill,26120,syn_mean_tree_depth,4.7272727272727275,4.0588235294117645,5.866666666666666
openclaw_skill,26120,syn_clausal_per_sentence,0.9166666666666666,0.4166666666666667,1.3529411764705883
openclaw_skill,26120,read_long_sentence_ratio,0.25,0.125,0.42857142857142855
openclaw_skill,26120,dict_imperative_ratio,0.23076923076923078,0.0,0.3488372093023256
openclaw_skill,26120,dict_first_person_subject_ratio,0.0,0.0,0.0
openclaw_skill,26120,dict_contrastive_example_count,0.0,0.0,0.0
openclaw_skill,26120,dict_allcaps_directive_per_1k,0.0,0.0,0.0
openclaw_skill,26120,posdep_pos_ADJ,0.06299212598425197,0.04504504504504504,0.08229091849981486
openclaw_skill,26120,posdep_pos_ADP,0.06349206349206349,0.047619047619047616,0.07719768269956545
openclaw_skill,26120,posdep_pos_ADV,0.016129032258064516,0.005208333333333333,0.02652377285302758
openclaw_skill,26120,posdep_pos_AUX,0.015789473684210527,0.0,0.029302895481186857
openclaw_skill,26120,posdep_pos_CCONJ,0.023178807947019868,0.012048192771084338,0.03333333333333333
openclaw_skill,26120,posdep_pos_DET,0.03501945525291829,0.012048192771084338,0.0651048289674466
openclaw_skill,26120,posdep_pos_INTJ,0.0,0.0,0.0
openclaw_skill,26120,posdep_pos_NOUN,0.2755102040816326,0.24035569630828355,0.32296324044759167
openclaw_skill,26120,posdep_pos_NUM,0.008849557522123894,0.0,0.020965734398311862
openclaw_skill,26120,posdep_pos_PART,0.01,0.0,0.018691588785046728
openclaw_skill,26120,posdep_pos_PRON,0.011904761904761904,0.0,0.025496535869298946
openclaw_skill,26120,posdep_pos_PROPN,0.07627118644067797,0.04123502987773879,0.14433528878919896
openclaw_skill,26120,posdep_pos_PUNCT,0.1897810218978102,0.1567125711647946,0.2222222222222222
openclaw_skill,26120,posdep_pos_SCONJ,0.008287292817679558,0.0,0.016605166051660517
openclaw_skill,26120,posdep_pos_SYM,0.006493506493506494,0.0,0.015798308315835126
openclaw_skill,26120,posdep_pos_VERB,0.10930703323604181,0.07625497980412771,0.13017883382093404
openclaw_skill,26120,posdep_pos_X,0.0,0.0,0.0072992700729927005
openclaw_skill,26120,posdep_dep_ROOT,0.04645476772616137,0.029829280641990374,0.06153846153846154
openclaw_skill,26120,posdep_dep_acl,0.005988023952095809,0.0,0.010593652010553506
openclaw_skill,26120,posdep_dep_acomp,0.001084011158558224,0.0,0.005714285714285714
openclaw_skill,26120,posdep_dep_advcl,0.01092896174863388,0.0,0.01899640388009395
openclaw_skill,26120,posdep_dep_advmod,0.020788883480349563,0.008403361344537815,0.031007751937984496
openclaw_skill,26120,posdep_dep_agent,0.0,0.0,0.0
openclaw_skill,26120,posdep_dep_amod,0.0650887573964497,0.04597701149425287,0.08609475167599358
openclaw_skill,26120,posdep_dep_appos,0.029411764705882353,0.015544041450777202,0.05357142857142857
openclaw_skill,26120,posdep_dep_attr,0.0,0.0,0.004728132387706856
openclaw_skill,26120,posdep_dep_aux,0.01269617390914993,0.0,0.021739130434782608
openclaw_skill,26120,posdep_dep_auxpass,0.0,0.0,0.004951517034444981
openclaw_skill,26120,posdep_dep_case,0.0,0.0,0.0016400172279199979
openclaw_skill,26120,posdep_dep_cc,0.023255813953488372,0.011976047904191617,0.03333333333333333
openclaw_skill,26120,posdep_dep_ccomp,0.008,0.0,0.014814814814814815
openclaw_skill,26120,posdep_dep_compound,0.11561596820809249,0.07715932649745055,0.17296022437531872
openclaw_skill,26120,posdep_dep_conj,0.04094637963682769,0.024761904761904763,0.05741756390385004
openclaw_skill,26120,posdep_dep_csubj,0.0,0.0,0.0
openclaw_skill,26120,posdep_dep_csubjpass,0.0,0.0,0.0
openclaw_skill,26120,posdep_dep_dative,0.0,0.0,0.0
openclaw_skill,26120,posdep_dep_dep,0.005076142131979695,0.0,0.01060070671378092
openclaw_skill,26120,posdep_dep_det,0.0364963503649635,0.012658227848101266,0.06593406593406594
openclaw_skill,26120,posdep_dep_dobj,0.060295448302606275,0.04424778761061947,0.0739965753314567
openclaw_skill,26120,posdep_dep_expl,0.0,0.0,0.0
openclaw_skill,26120,posdep_dep_intj,0.0,0.0,0.0
openclaw_skill,26120,posdep_dep_mark,0.003105590062111801,0.0,0.00963442710202869
openclaw_skill,26120,posdep_dep_meta,0.0,0.0,0.0
openclaw_skill,26120,posdep_dep_neg,0.00284033284160059,0.0,0.009828009828009828
openclaw_skill,26120,posdep_dep_nmod,0.015,0.006482606999219641,0.03045311300150589
openclaw_skill,26120,posdep_dep_npadvmod,0.006163855879435169,0.0,0.011976047904191617
openclaw_skill,26120,posdep_dep_nsubj,0.03875968992248062,0.025,0.05054976088582415
openclaw_skill,26120,posdep_dep_nsubjpass,0.0,0.0,0.004310344827586207
openclaw_skill,26120,posdep_dep_nummod,0.006060606060606061,0.0,0.015625
openclaw_skill,26120,posdep_dep_oprd,0.0,0.0,0.0
openclaw_skill,26120,posdep_dep_parataxis,0.0,0.0,0.0013962580647845025
openclaw_skill,26120,posdep_dep_pcomp,0.00228310502283105,0.0,0.005802707930367505
openclaw_skill,26120,posdep_dep_pobj,0.053176441142463074,0.040577980699387776,0.06666666666666667
openclaw_skill,26120,posdep_dep_poss,0.000569966701859823,0.0,0.0066815144766146995
openclaw_skill,26120,posdep_dep_preconj,0.0,0.0,0.0
openclaw_skill,26120,posdep_dep_predet,0.0,0.0,0.0
openclaw_skill,26120,posdep_dep_prep,0.061016949152542375,0.047058823529411764,0.075
openclaw_skill,26120,posdep_dep_prt,0.0,0.0,0.0018450184501845018
openclaw_skill,26120,posdep_dep_punct,0.2028985507246377,0.16883116883116883,0.242152466367713
openclaw_skill,26120,posdep_dep_quantmod,0.0,0.0,0.0
openclaw_skill,26120,posdep_dep_relcl,0.0021413276231263384,0.0,0.006153846153846154
openclaw_skill,26120,posdep_dep_xcomp,0.00379700719864877,0.0,0.008051529790660225
openclaw_skill,26120,lex_mtld,82.18488172189258,51.91852740243441,126.3268965474429
openclaw_skill,26120,lex_hdd,0.8461228226879018,0.769756126484173,0.8951436321655111
openclaw_skill,26120,lex_zipf_mean,4.437142857142858,4.149844915722575,4.606117316313348
openclaw_skill,26120,dict_hedge_per_1k,0.0,0.0,5.819592628516004
openclaw_skill,26120,dict_booster_per_1k,3.7105751391465676,0.0,9.00900900900901
openclaw_skill,26120,dict_hype_per_1k,0.0,0.0,0.0
openclaw_skill,26120,dict_negation_per_1k,6.518829137697887,0.0,13.698630136986301
openclaw_skill,26120,dict_conditional_per_1k,1.4388489208633093,0.0,8.02139037433155
openclaw_skill,26120,dict_conditional_clauses_per_sentence,0.0,0.0,0.125
openclaw_skill,26120,dict_second_person_per_1k,0.0,0.0,6.31591492137566
openclaw_skill,26120,dict_cross_reference_per_1k,0.0,0.0,0.0
openclaw_skill,26120,dict_plain_replacement_per_1k,10.135135135135135,0.0,20.0
openclaw_skill,26120,coh_lemma_overlap_adj,0.04871838202675132,0.027224951248124674,0.07944896996339941
opencode_skill,33007,struct_heading_count,12.0,8.0,24.0
opencode_skill,33007,struct_max_heading_depth,3.0,2.0,3.0
opencode_skill,33007,struct_code_char_ratio,0.18688072243822904,0.0,0.4274278058469956
opencode_skill,33007,struct_list_item_ratio,0.29936305732484075,0.12964463653280509,0.5609756097560976
opencode_skill,33007,struct_table_count,0.0,0.0,0.0
opencode_skill,33007,struct_prose_ratio,0.5051931865392605,0.29325856230224356,0.7531420488876075
opencode_skill,33007,struct_frontmatter_field_count,0.0,0.0,0.0
opencode_skill,33007,struct_line_count,108.0,65.0,241.0
opencode_skill,33007,struct_inline_code_char_ratio,0.030314585319351765,0.0,0.08247844123765785
opencode_skill,33007,struct_ordered_list_ratio,0.04608294930875576,0.0,0.12987012987012986
opencode_skill,33007,struct_bullet_list_ratio,0.2222222222222222,0.08823529411764706,0.4406779661016949
opencode_skill,33007,struct_external_ref_count,0.0,0.0,0.0
opencode_skill,33007,struct_named_section_present,0.0,0.0,1.0
opencode_skill,33007,struct_name_format_valid,0.0,0.0,0.0
opencode_skill,33007,struct_long_paragraph_ratio,0.020833333333333332,0.0,0.08833533413365346
opencode_skill,33007,fm_desc_present,0.0,0.0,0.0
opencode_skill,33007,fm_desc_tokens,0.0,0.0,0.0
opencode_skill,33007,fm_desc_when_clause,0.0,0.0,0.0
opencode_skill,33007,fm_desc_or_count,0.0,0.0,0.0
opencode_skill,33007,fm_desc_wildcard_per_token,0.0,0.0,0.0
opencode_skill,33007,desc_tokens,296.0,124.0,471.0
opencode_skill,33007,desc_unique_tokens,158.0,77.0,224.0
opencode_skill,33007,desc_proportion_unique_tokens,0.5294117647058824,0.46922550773439964,0.628163929424925
opencode_skill,33007,desc_characters,1562.0,660.0,2624.0
opencode_skill,33007,desc_sentences,11.0,5.0,21.0
opencode_skill,33007,desc_token_length_mean,5.088180112570356,4.7231156427465155,5.649199084668192
opencode_skill,33007,desc_token_length_median,5.0,4.0,5.0
opencode_skill,33007,desc_token_length_std,3.041512145758563,2.767812266662508,3.477890790606021
opencode_skill,33007,desc_sentence_length_mean,24.0,16.0,36.27272727272727
opencode_skill,33007,desc_sentence_length_median,15.0,12.0,22.0
opencode_skill,33007,desc_sentence_length_std,18.64731139393082,8.928410025620359,34.29882975003991
opencode_skill,33007,desc_syllables_per_token_mean,1.5172413793103448,1.4096687633446823,1.6638999862239978
opencode_skill,33007,desc_syllables_per_token_median,1.0,1.0,1.0
opencode_skill,33007,desc_syllables_per_token_std,0.8366122363434721,0.7239489480585526,0.9795674327652879
opencode_skill,33007,read_flesch_reading_ease,52.86075073074281,28.00163158327848,66.59853041635711
opencode_skill,33007,read_flesch_kincaid_grade,11.839338235294118,8.220364584940894,19.59242819843342
opencode_skill,33007,read_smog,12.416235457179464,10.25414643259724,16.52667757954773
opencode_skill,33007,read_gunning_fog,14.654022175041284,10.836230023049836,22.672727272727276
opencode_skill,33007,read_automated_readability_index,14.94162819004341,9.900628132864203,24.964424242424244
opencode_skill,33007,read_coleman_liau_index,12.715661375661377,10.334720665647813,16.201550246791705
opencode_skill,33007,read_lix,55.849118708855386,44.32951198153013,78.01275356497288
opencode_skill,33007,read_rix,7.193548387096774,4.333333333333333,14.166666666666666
opencode_skill,33007,syn_mean_dependency_distance,2.8526939538358427,2.5596578294070813,3.2759639785501857
opencode_skill,33007,syn_dependency_distance_std,1.0030387720342273,0.7227442750321833,1.3251883215051155
opencode_skill,33007,syn_prop_adjacent_dependency_relation_mean,0.4711566707466341,0.4472142090019765,0.5018175012324642
opencode_skill,33007,syn_prop_adjacent_dependency_relation_std,0.0680495436161445,0.05063634705846083,0.08631342001916067
opencode_skill,33007,coh_first_order_coherence,0.47125719785690307,0.40799984652418775,0.5727369742734092
opencode_skill,33007,coh_second_order_coherence,0.4455865006893873,0.3970763818533332,0.5289653837680817
opencode_skill,33007,syn_mean_tree_depth,5.111111111111111,4.25,6.636363636363637
opencode_skill,33007,syn_clausal_per_sentence,1.103448275862069,0.6,1.9090909090909092
opencode_skill,33007,read_long_sentence_ratio,0.32,0.16666666666666666,0.5
opencode_skill,33007,dict_imperative_ratio,0.2,0.0625,0.3333333333333333
opencode_skill,33007,dict_first_person_subject_ratio,0.0,0.0,0.0
opencode_skill,33007,dict_contrastive_example_count,0.0,0.0,0.0
opencode_skill,33007,dict_allcaps_directive_per_1k,0.0,0.0,0.0
opencode_skill,33007,posdep_pos_ADJ,0.06741573033707865,0.04783864888643172,0.08994708994708994
opencode_skill,33007,posdep_pos_ADP,0.06481481481481481,0.0471976401179941,0.08273806486725513
opencode_skill,33007,posdep_pos_ADV,0.013927576601671309,0.007772020725388601,0.02464788732394366
opencode_skill,33007,posdep_pos_AUX,0.017326732673267328,0.005086902143442446,0.02608695652173913
opencode_skill,33007,posdep_pos_CCONJ,0.022222222222222223,0.012145748987854251,0.035398230088495575
opencode_skill,33007,posdep_pos_DET,0.040983606557377046,0.014165978240147696,0.05714285714285714
opencode_skill,33007,posdep_pos_INTJ,0.0,0.0,0.0
opencode_skill,33007,posdep_pos_NOUN,0.2830188679245283,0.24234637250428542,0.33440774197569983
opencode_skill,33007,posdep_pos_NUM,0.007168458781362007,0.0021598272138228943,0.01818181818181818
opencode_skill,33007,posdep_pos_PART,0.0096051227321238,0.0035211267605633804,0.017770597738287562
opencode_skill,33007,posdep_pos_PRON,0.00995732574679943,0.004011365647745376,0.022222222222222223
opencode_skill,33007,posdep_pos_PROPN,0.07258064516129033,0.0496282065457762,0.1267605633802817
opencode_skill,33007,posdep_pos_PUNCT,0.18246445497630331,0.1391304347826087,0.22095994631115012
opencode_skill,33007,posdep_pos_SCONJ,0.010256410256410256,0.0024937655860349127,0.01694915254237288
opencode_skill,33007,posdep_pos_SYM,0.006535947712418301,0.0,0.01680672268907563
opencode_skill,33007,posdep_pos_VERB,0.11174242424242424,0.08737864077669903,0.13043478260869565
opencode_skill,33007,posdep_pos_X,0.0,0.0,0.008264462809917356
opencode_skill,33007,posdep_dep_ROOT,0.037037037037037035,0.026248960088739094,0.05555555555555555
opencode_skill,33007,posdep_dep_acl,0.0076045627376425855,0.0017969466437621896,0.014116369674905793
opencode_skill,33007,posdep_dep_acomp,0.002403846153846154,0.0,0.005291005291005291
opencode_skill,33007,posdep_dep_advcl,0.010526315789473684,0.004878048780487805,0.01892744479495268
opencode_skill,33007,posdep_dep_advmod,0.020618556701030927,0.012180267965895249,0.030303030303030304
opencode_skill,33007,posdep_dep_agent,0.0,0.0,0.0
opencode_skill,33007,posdep_dep_amod,0.06936416184971098,0.04864864864864865,0.09230769230769231
opencode_skill,33007,posdep_dep_appos,0.030612244897959183,0.01875,0.05234309987953291
opencode_skill,33007,posdep_dep_attr,0.001326259946949602,0.0,0.0038314176245210726
opencode_skill,33007,posdep_dep_aux,0.014285714285714285,0.004310344827586207,0.020512820512820513
opencode_skill,33007,posdep_dep_auxpass,0.0026437541308658294,0.0,0.005476952304769523
opencode_skill,33007,posdep_dep_case,0.0,0.0,0.0010834236186348862
opencode_skill,33007,posdep_dep_cc,0.022406639004149378,0.012474012474012475,0.03571428571428571
opencode_skill,33007,posdep_dep_ccomp,0.010144927536231883,0.0026109660574412533,0.016377156290244013
opencode_skill,33007,posdep_dep_compound,0.12115384615384615,0.0824592944617838,0.16
opencode_skill,33007,posdep_dep_conj,0.03979460847240052,0.02506265664160401,0.06
opencode_skill,33007,posdep_dep_csubj,0.0,0.0,0.00045423577178402513
opencode_skill,33007,posdep_dep_csubjpass,0.0,0.0,0.0
opencode_skill,33007,posdep_dep_dative,0.0,0.0,0.0
opencode_skill,33007,posdep_dep_dep,0.0055248618784530384,0.0,0.011299435028248588
opencode_skill,33007,posdep_dep_det,0.04121863799283154,0.014598540145985401,0.05734586731860698
opencode_skill,33007,posdep_dep_dobj,0.06422924901185771,0.04813571166969378,0.07465670563097034
opencode_skill,33007,posdep_dep_expl,0.0,0.0,0.0
opencode_skill,33007,posdep_dep_intj,0.0,0.0,0.0
opencode_skill,33007,posdep_dep_mark,0.0025188916876574307,0.0,0.00927643784786642
opencode_skill,33007,posdep_dep_meta,0.0,0.0,0.0
opencode_skill,33007,posdep_dep_neg,0.0020876826722338203,0.0,0.00830121626477262
opencode_skill,33007,posdep_dep_nmod,0.015037593984962405,0.00790826537249212,0.03048780487804878
opencode_skill,33007,posdep_dep_npadvmod,0.006134969325153374,0.002369668246445498,0.011111111111111112
opencode_skill,33007,posdep_dep_nsubj,0.041353383458646614,0.027522935779816515,0.05128205128205128
opencode_skill,33007,posdep_dep_nsubjpass,0.0020408163265306124,0.0,0.004694835680751174
opencode_skill,33007,posdep_dep_nummod,0.004722550177095631,0.0,0.01282051282051282
opencode_skill,33007,posdep_dep_oprd,0.0,0.0,0.0
opencode_skill,33007,posdep_dep_parataxis,0.0,0.0,0.001773836269012693
opencode_skill,33007,posdep_dep_pcomp,0.0014992503748125937,0.0,0.005494505494505495
opencode_skill,33007,posdep_dep_pobj,0.05555555555555555,0.04032258064516129,0.07253316631554974
opencode_skill,33007,posdep_dep_poss,0.000975609756097561,0.0,0.005312084993359893
opencode_skill,33007,posdep_dep_preconj,0.0,0.0,0.0
opencode_skill,33007,posdep_dep_predet,0.0,0.0,0.0
opencode_skill,33007,posdep_dep_prep,0.06336088154269973,0.04726667150364895,0.08118692620231918
opencode_skill,33007,posdep_dep_prt,0.0,0.0,0.00130718954248366
opencode_skill,33007,posdep_dep_punct,0.2,0.15151515151515152,0.2459016393442623
opencode_skill,33007,posdep_dep_quantmod,0.0,0.0,0.0
opencode_skill,33007,posdep_dep_relcl,0.002564102564102564,0.0,0.005555555555555556
opencode_skill,33007,posdep_dep_xcomp,0.005494505494505495,0.0,0.010498687664041995
opencode_skill,33007,lex_mtld,84.9495652173913,54.60808629999925,121.70271897989906
opencode_skill,33007,lex_hdd,0.8549607901022691,0.7871534626545579,0.8843114320512321
opencode_skill,33007,lex_zipf_mean,4.4572619047619,4.252857142857143,4.580643229825087
opencode_skill,33007,dict_hedge_per_1k,2.1321961620469083,0.0,7.425742574257425
opencode_skill,33007,dict_booster_per_1k,5.0083472454090145,0.0,12.025769752563546
opencode_skill,33007,dict_hype_per_1k,0.0,0.0,0.0
opencode_skill,33007,dict_negation_per_1k,5.434782608695652,0.0,13.215859030837004
opencode_skill,33007,dict_conditional_per_1k,0.0,0.0,7.407407407407407
opencode_skill,33007,dict_conditional_clauses_per_sentence,0.0,0.0,0.1102571595558153
opencode_skill,33007,dict_second_person_per_1k,0.7032348804500703,0.0,4.5662100456621
opencode_skill,33007,dict_cross_reference_per_1k,0.0,0.0,0.0
opencode_skill,33007,dict_plain_replacement_per_1k,13.221153846153847,5.076142131979695,25.160673244980252
opencode_skill,33007,coh_lemma_overlap_adj,0.04888391793653157,0.03333333333333333,0.07469973496260744
None,5187,struct_heading_count,3.0,3.0,3.0
None,5187,struct_max_heading_depth,3.0,3.0,3.0
None,5187,struct_code_char_ratio,0.168,0.15234375,0.1842554338063589
None,5187,struct_list_item_ratio,0.0,0.0,0.0
None,5187,struct_table_count,0.0,0.0,0.0
None,5187,struct_prose_ratio,0.5858895705521472,0.5493562231759657,0.6231343283582089
None,5187,struct_frontmatter_field_count,0.0,0.0,0.0
None,5187,struct_line_count,13.0,13.0,13.0
None,5187,struct_inline_code_char_ratio,0.0,0.0,0.0
None,5187,struct_ordered_list_ratio,0.0,0.0,0.0
None,5187,struct_bullet_list_ratio,0.0,0.0,0.0
None,5187,struct_external_ref_count,0.0,0.0,0.0
None,5187,struct_named_section_present,0.0,0.0,0.0
None,5187,struct_name_format_valid,0.0,0.0,0.0
None,5187,struct_long_paragraph_ratio,0.0,0.0,0.0
None,5187,fm_desc_present,0.0,0.0,0.0
None,5187,fm_desc_tokens,0.0,0.0,0.0
None,5187,fm_desc_when_clause,0.0,0.0,0.0
None,5187,fm_desc_or_count,0.0,0.0,0.0
None,5187,fm_desc_wildcard_per_token,0.0,0.0,0.0
None,5187,desc_tokens,23.0,20.0,26.0
None,5187,desc_unique_tokens,21.0,18.0,24.0
None,5187,desc_proportion_unique_tokens,0.9444444444444444,0.9130434782608695,0.9545454545454546
None,5187,desc_characters,127.0,112.0,154.0
None,5187,desc_sentences,2.0,2.0,2.0
None,5187,desc_token_length_mean,5.476190476190476,5.2105263157894735,5.76095238095238
None,5187,desc_token_length_median,5.0,4.5,5.0
None,5187,desc_token_length_std,2.764970475139845,2.615693527393238,2.9622550689064413
None,5187,desc_sentence_length_mean,11.0,10.0,13.0
None,5187,desc_sentence_length_median,11.0,10.0,13.0
None,5187,desc_sentence_length_std,1.5,0.5,2.5
None,5187,desc_syllables_per_token_mean,1.5909090909090908,1.5,1.6818181818181819
None,5187,desc_syllables_per_token_median,1.0,1.0,1.0
None,5187,desc_syllables_per_token_std,0.8760626817221688,0.8154327412825386,0.9619534750236398
None,5187,read_flesch_reading_ease,60.84163793103451,52.86500000000001,67.53000000000003
None,5187,read_flesch_kincaid_grade,7.633846153846157,6.600000000000005,8.903695652173912
None,5187,read_smog,9.725611199111238,8.841846274778883,11.20814326018867
None,5187,read_gunning_fog,10.266666666666666,9.815384615384616,12.488888888888889
None,5187,read_automated_readability_index,10.092631578947369,8.7468,11.591666666666661
None,5187,read_coleman_liau_index,13.78896551724138,12.18095238095238,15.424144736842107
None,5187,read_lix,45.53448275862069,41.078947368421055,50.630434782608695
None,5187,read_rix,4.0,3.0,4.5
None,5187,syn_mean_dependency_distance,2.4743589743589745,2.2576923076923077,2.6989966555183944
None,5187,syn_dependency_distance_std,0.25213675213675213,0.11538461538461542,0.4326923076923077
None,5187,syn_prop_adjacent_dependency_relation_mean,0.4291497975708502,0.40064102564102566,0.46153846153846156
None,5187,syn_prop_adjacent_dependency_relation_std,0.04453441295546556,0.021978021978021955,0.0769230769230769
None,5187,coh_first_order_coherence,0.34427815675735474,0.24950024485588074,0.42567193508148193
None,5187,coh_second_order_coherence,0.3812631666660309,0.256654292345047,0.4638688067595164
None,5187,syn_mean_tree_depth,4.0,3.5,4.5
None,5187,syn_clausal_per_sentence,0.0,0.0,0.5
None,5187,read_long_sentence_ratio,0.0,0.0,0.0
None,5187,dict_imperative_ratio,0.0,0.0,0.5
None,5187,dict_first_person_subject_ratio,0.0,0.0,0.0
None,5187,dict_contrastive_example_count,0.0,0.0,0.0
None,5187,dict_allcaps_directive_per_1k,0.0,0.0,0.0
None,5187,posdep_pos_ADJ,0.03333333333333333,0.0,0.05263157894736842
None,5187,posdep_pos_ADP,0.08,0.05555555555555555,0.09523809523809523
None,5187,posdep_pos_ADV,0.0,0.0,0.0
None,5187,posdep_pos_AUX,0.08,0.06451612903225806,0.09090909090909091
None,5187,posdep_pos_CCONJ,0.0,0.0,0.03571428571428571
None,5187,posdep_pos_DET,0.08823529411764706,0.07407407407407407,0.10526315789473684
None,5187,posdep_pos_INTJ,0.0,0.0,0.0
None,5187,posdep_pos_NOUN,0.19047619047619047,0.14705882352941177,0.23333333333333334
None,5187,posdep_pos_NUM,0.0,0.0,0.0
None,5187,posdep_pos_PART,0.0,0.0,0.0
None,5187,posdep_pos_PRON,0.0,0.0,0.0
None,5187,posdep_pos_PROPN,0.21875,0.17647058823529413,0.2692307692307692
None,5187,posdep_pos_PUNCT,0.16,0.13636363636363635,0.2
None,5187,posdep_pos_SCONJ,0.0,0.0,0.0
None,5187,posdep_pos_SYM,0.0,0.0,0.0
None,5187,posdep_pos_VERB,0.08333333333333333,0.05,0.1111111111111111
None,5187,posdep_pos_X,0.0,0.0,0.0
None,5187,posdep_dep_ROOT,0.07692307692307693,0.06451612903225806,0.09090909090909091
None,5187,posdep_dep_acl,0.0,0.0,0.0
None,5187,posdep_dep_acomp,0.0,0.0,0.0
None,5187,posdep_dep_advcl,0.0,0.0,0.0
None,5187,posdep_dep_advmod,0.0,0.0,0.0
None,5187,posdep_dep_agent,0.038461538461538464,0.03225806451612903,0.045454545454545456
None,5187,posdep_dep_amod,0.03571428571428571,0.0,0.058823529411764705
None,5187,posdep_dep_appos,0.0,0.0,0.0
None,5187,posdep_dep_attr,0.0,0.0,0.0
None,5187,posdep_dep_aux,0.04,0.03333333333333333,0.047619047619047616
None,5187,posdep_dep_auxpass,0.038461538461538464,0.03225806451612903,0.045454545454545456
None,5187,posdep_dep_case,0.0,0.0,0.0
None,5187,posdep_dep_cc,0.0,0.0,0.037037037037037035
None,5187,posdep_dep_ccomp,0.0,0.0,0.0
None,5187,posdep_dep_compound,0.1956521739130435,0.15789473684210525,0.24
None,5187,posdep_dep_conj,0.029411764705882353,0.0,0.05263157894736842
None,5187,posdep_dep_csubj,0.0,0.0,0.0
None,5187,posdep_dep_csubjpass,0.0,0.0,0.0
None,5187,posdep_dep_dative,0.0,0.0,0.0
None,5187,posdep_dep_dep,0.0,0.0,0.0
None,5187,posdep_dep_det,0.08823529411764706,0.07407407407407407,0.10526315789473684
None,5187,posdep_dep_dobj,0.03125,0.0,0.045454545454545456
None,5187,posdep_dep_expl,0.0,0.0,0.0
None,5187,posdep_dep_intj,0.0,0.0,0.0
None,5187,posdep_dep_mark,0.0,0.0,0.0
None,5187,posdep_dep_meta,0.0,0.0,0.0
None,5187,posdep_dep_neg,0.0,0.0,0.0
None,5187,posdep_dep_nmod,0.0,0.0,0.0
None,5187,posdep_dep_npadvmod,0.0,0.0,0.0
None,5187,posdep_dep_nsubj,0.0,0.0,0.0
None,5187,posdep_dep_nsubjpass,0.038461538461538464,0.03225806451612903,0.045454545454545456
None,5187,posdep_dep_nummod,0.0,0.0,0.0
None,5187,posdep_dep_oprd,0.0,0.0,0.0
None,5187,posdep_dep_parataxis,0.0,0.0,0.0
None,5187,posdep_dep_pcomp,0.0,0.0,0.0
None,5187,posdep_dep_pobj,0.07692307692307693,0.05263157894736842,0.09375
None,5187,posdep_dep_poss,0.0,0.0,0.0
None,5187,posdep_dep_preconj,0.0,0.0,0.0
None,5187,posdep_dep_predet,0.0,0.0,0.0
None,5187,posdep_dep_prep,0.04,0.02702702702702703,0.05
None,5187,posdep_dep_prt,0.0,0.0,0.0
None,5187,posdep_dep_punct,0.16666666666666666,0.13793103448275862,0.2
None,5187,posdep_dep_quantmod,0.0,0.0,0.0
None,5187,posdep_dep_relcl,0.0,0.0,0.0
None,5187,posdep_dep_xcomp,0.0,0.0,0.0
None,5187,lex_mtld,47.320000000000036,33.879999999999995,63.00000000000002
None,5187,lex_hdd,0.0,0.0,0.0
None,5187,lex_zipf_mean,4.269375,4.062500000000001,4.440690476190477
None,5187,dict_hedge_per_1k,0.0,0.0,0.0
None,5187,dict_booster_per_1k,0.0,0.0,0.0
None,5187,dict_hype_per_1k,0.0,0.0,0.0
None,5187,dict_negation_per_1k,0.0,0.0,0.0
None,5187,dict_conditional_per_1k,0.0,0.0,0.0
None,5187,dict_conditional_clauses_per_sentence,0.0,0.0,0.0
None,5187,dict_second_person_per_1k,0.0,0.0,0.0
None,5187,dict_cross_reference_per_1k,0.0,0.0,0.0
None,5187,dict_plain_replacement_per_1k,0.0,0.0,0.0
None,5187,coh_lemma_overlap_adj,0.0,0.0,0.0
